date,dem,rep,margin,7-day,14-day,21-day,28-day
2022-10-15,45.716664,44.890594,0.8260700000000014,0.9420438571428552,1.000801214285714,1.1038540476190475,1.2305240357142855
2022-10-14,45.796302,44.890582,0.9057199999999952,0.9464645714285699,1.035554071428571,1.1503895238095239,1.2537407499999997
2022-10-13,45.807748,44.7556,1.0521479999999954,0.9310111428571426,1.0649813571428572,1.1970091428571432,1.2737120357142857
2022-10-12,45.593254,44.592024,1.0012299999999996,0.9192528571428572,1.0808172142857144,1.2370137142857147,1.285981535714286
2022-10-11,45.540172,44.574623,0.9655489999999958,0.9307357142857141,1.100752285714286,1.2560757142857146,1.299807785714286
2022-10-10,45.439704,44.525864,0.9138400000000004,0.9678560000000006,1.1273730000000006,1.277861047619048,1.3087766071428575
2022-10-09,45.435718,44.505968,0.9297499999999985,1.0059838571428574,1.1568185000000004,1.302815380952381,1.3209315000000004
2022-10-08,45.202758,44.345743,0.8570150000000041,1.0595585714285727,1.1847591428571438,1.3266840952380956,1.3307314642857146
2022-10-07,45.044043,44.246497,0.7975460000000041,1.124643571428572,1.2523520000000008,1.356166142857143,1.342686535714286
2022-10-06,45.319184,44.349344,0.9698399999999978,1.198951571428572,1.3300081428571435,1.3879456666666665,1.3563315
2022-10-05,45.381339,44.299729,1.0816099999999977,1.2423815714285718,1.3958941428571434,1.408224428571429,1.3640100714285717
2022-10-04,45.469002,44.243611,1.225391000000002,1.270768857142858,1.4187457142857147,1.42283180952381,1.3608466071428575
2022-10-03,45.353566,44.172831,1.1807349999999985,1.2868900000000008,1.4328635714285716,1.4224168095238099,1.3507247500000001
2022-10-02,45.421596,44.116823,1.3047730000000044,1.3076531428571434,1.451231142857143,1.425914047619048,1.3428232142857144
2022-10-01,45.412757,44.100147,1.3126099999999994,1.3099597142857147,1.460246857142857,1.4211224285714288,1.3300412857142858
2022-09-30,45.404082,44.08638,1.3177020000000041,1.3800604285714297,1.4719274285714283,1.4153675238095242,1.316558428571429
2022-09-29,45.344193,44.070343,1.273849999999996,1.461064714285715,1.482442714285714,1.408791476190476,1.3024760357142857
2022-09-28,45.387972,44.107651,1.2803210000000007,1.549406714285715,1.4911458571428575,1.404552904761905,1.2907166071428573
2022-09-27,45.287517,43.949278,1.3382390000000015,1.5667225714285717,1.498863285714286,1.390872523809524,1.274684535714286
2022-09-26,45.244406,43.918329,1.326076999999998,1.5788371428571426,1.4901802142857146,1.372003,1.246040392857143
2022-09-25,45.13177,43.810851,1.3209190000000035,1.5948091428571425,1.4850445000000003,1.3545465714285716,1.2176419285714288
2022-09-24,45.08937,43.286055,1.8033150000000049,1.6105339999999992,1.4767037857142857,1.3367351428571428,1.1892104285714287
2022-09-23,45.122052,43.23732,1.8847319999999996,1.563794428571427,1.4330210714285714,1.2953910952380951,1.1494203214285714
2022-09-22,45.16523,43.272986,1.892243999999998,1.503820714285713,1.3826548571428567,1.2496131428571426,1.1062166785714285
2022-09-21,44.977332,43.5758,1.401531999999996,1.432885,1.332126,1.2044865714285715,1.0560307500000001
2022-09-20,44.953246,43.530205,1.4230409999999978,1.4310040000000004,1.3029475000000004,1.177338523809524,1.0212646071428575
2022-09-19,44.885354,43.447473,1.4378809999999973,1.4015232857142865,1.268585928571429,1.1351081428571432,0.9828573214285719
2022-09-18,44.882956,43.451963,1.4309930000000008,1.3752798571428582,1.234415285714286,1.0919195238095245,0.9440415000000003
2022-09-17,44.862775,43.386637,1.4761379999999988,1.3428735714285724,1.1998357142857148,1.0487692380952385,0.9090967500000003
2022-09-16,44.8573,43.392384,1.4649160000000023,1.3022477142857158,1.1611894285714293,1.0112956190476194,0.8766608571428576
2022-09-15,44.781429,43.385735,1.395694000000006,1.2614890000000005,1.1225093571428577,0.9736820000000004,0.8438133571428575
2022-09-14,44.921956,43.533591,1.3883650000000003,1.2313669999999999,1.0902873571428573,0.930412666666667,0.8130158214285717
2022-09-13,45.024417,43.807741,1.2166759999999996,1.1748910000000004,1.0505057857142859,0.8846848095238099,0.781615535714286
2022-09-12,44.958903,43.704726,1.2541769999999985,1.1356485714285713,1.0019005714285716,0.8433020000000003,0.7553210000000004
2022-09-11,44.832941,43.628792,1.204149000000001,1.093550714285714,0.9502393571428576,0.8002953809523812,0.7267766785714291
2022-09-10,44.823784,43.632027,1.1917570000000026,1.0567978571428571,0.9017170714285717,0.7645044761904762,0.6976861428571434
2022-09-09,44.814696,43.635091,1.1796049999999951,1.0201311428571427,0.8658195714285714,0.7347985714285715,0.6682640000000006
2022-09-08,44.932549,43.747709,1.1848400000000012,0.9835297142857148,0.8297785000000003,0.7045881428571432,0.6384090000000009
2022-09-07,44.797133,43.8041,0.993033000000004,0.9492077142857147,0.7799355000000006,0.673565428571429,0.6059820714285722
2022-09-06,44.799259,43.85728,0.9419789999999963,0.9261205714285714,0.7395817142857146,0.6505237142857145,0.5780402500000006
2022-09-05,44.60628,43.646788,0.9594919999999973,0.868152571428572,0.6971287142857149,0.6285451428571434,0.5496437500000008
2022-09-04,44.594062,43.647183,0.9468790000000027,0.8069280000000012,0.6536677142857147,0.6045186666666675,0.5200815357142867
2022-09-03,44.582697,43.647607,0.9350900000000024,0.7466362857142863,0.6183577857142859,0.5779822380952389,0.49018653571428644
2022-09-02,44.57196,43.648565,0.9233949999999993,0.711508,0.592132285714286,0.5509749523809533,0.46003300000000075
2022-09-01,44.560186,43.6156,0.944586000000001,0.6760272857142857,0.5651173571428575,0.5233687619047629,0.42956657142857224
2022-08-31,44.447956,43.616533,0.8314230000000009,0.6106632857142864,0.5357442857142861,0.4915735238095246,0.39607210714285807
2022-08-30,44.308637,43.772434,0.5362030000000004,0.5530428571428578,0.5127252857142862,0.46201347619047695,0.3659886785714294
2022-08-29,44.300632,43.769712,0.5309200000000018,0.5261048571428576,0.508741428571429,0.44347414285714376,0.3383692500000008
2022-08-28,44.294607,43.76977,0.524836999999998,0.5004074285714282,0.5033140000000006,0.4244660476190486,0.30892114285714356
2022-08-27,44.274249,43.585057,0.6891919999999985,0.49007928571428544,0.4936552142857152,0.40470328571428654,0.2770830714285721
2022-08-26,44.266552,43.591522,0.6750299999999996,0.4727565714285719,0.4707084285714299,0.37620800000000104,0.24275332142857206
2022-08-25,44.172673,43.685635,0.4870380000000054,0.45420742857142926,0.4470395000000015,0.347413000000001,0.20839353571428632
2022-08-24,44.030054,43.601974,0.42808000000000135,0.4608252857142858,0.43202864285714376,0.3245417142857153,0.18262903571428626
2022-08-23,43.88901,43.541373,0.34763699999999886,0.4724077142857145,0.41649878571428645,0.3036372857142866,0.1479821071428576
2022-08-22,43.89131,43.540272,0.3510379999999955,0.4913780000000005,0.4021587857142868,0.27579071428571517,0.11133571428571466
2022-08-21,43.920863,43.468323,0.45253999999999905,0.506220571428573,0.3864953571428588,0.245092380952382,0.06111703571428632
2022-08-20,43.889709,43.321776,0.5679330000000036,0.49723114285714487,0.36201528571428704,0.20608433333333429,0.006882321428572068
2022-08-19,43.886912,43.341726,0.5451860000000011,0.4686602857142879,0.3279337142857156,0.16608557142857214,-0.047254857142856564
2022-08-18,43.899989,43.366626,0.5333630000000014,0.43987157142857364,0.29401578571428694,0.126455571428572,-0.10108899999999947
2022-08-17,43.89705,43.387893,0.5091570000000019,0.4032320000000017,0.25639992857143007,0.08989695238095306,-0.16083067857142805
2022-08-16,43.877085,43.396656,0.4804290000000009,0.36058985714285846,0.21925207142857264,0.039840238095238636,-0.22714421428571388
2022-08-15,43.875453,43.420517,0.45493600000000356,0.3129395714285731,0.1679970714285725,-0.015345047619047272,-0.30430096428571396
2022-08-14,43.830785,43.441171,0.3896140000000017,0.26677014285714457,0.11452828571428648,-0.08725080952380926,-0.3819469642857141
2022-08-13,43.828901,43.460964,0.36793700000000484,0.22679942857142926,0.060510928571428986,-0.15656728571428552,-0.45757289285714287
2022-08-12,43.827579,43.483914,0.34366500000000144,0.1872071428571433,0.014798214285714246,-0.21922657142857138,-0.5319478571428574
2022-08-11,43.791129,43.514243,0.2768859999999975,0.14816000000000024,-0.03025242857142883,-0.2814091904761905,-0.605807392857143
2022-08-10,43.898753,43.688091,0.21066199999999924,0.10956785714285847,-0.06677057142857125,-0.3488515714285713,-0.6785077500000002
2022-08-09,44.311965,44.165088,0.14687700000000348,0.07791428571428684,-0.12053457142857127,-0.4230555714285713,-0.7542831428571432
2022-08-08,44.272969,44.141219,0.1317500000000038,0.023054571428571893,-0.17948735714285746,-0.5100478095238097,-0.8337935357142862
2022-08-07,44.258078,44.148259,0.10981899999999456,-0.03771357142857162,-0.2642612857142862,-0.5981860000000003,-0.9106502857142864
2022-08-06,44.245058,44.154267,0.09079100000000295,-0.10577757142857129,-0.3482506428571429,-0.6856970000000002,-0.9772606071428575
2022-08-05,44.231662,44.161327,0.07033500000000004,-0.1576107142857148,-0.42244342857142875,-0.7716661904761909,-1.043526464285715
2022-08-04,44.196499,44.189758,0.006741000000005215,-0.2086648571428579,-0.4961937857142859,-0.8571298571428575,-1.1094980000000005
2022-08-03,44.185747,44.19666,-0.010913000000002171,-0.24310900000000096,-0.5780612857142862,-0.9411996190476197,-1.166902357142858
2022-08-02,44.090754,44.327895,-0.23714100000000116,-0.31898342857142936,-0.6735405000000004,-1.0316822857142864,-1.224143500000001
2022-08-01,44.06244,44.356067,-0.29362700000000075,-0.3820292857142868,-0.7765990000000004,-1.1194095714285721,-1.2745167142857154
2022-07-31,43.919228,44.285857,-0.3666290000000032,-0.4908090000000008,-0.8784222142857148,-1.2016291904761913,-1.3341286785714297
2022-07-30,43.926946,44.198987,-0.27204100000000153,-0.5907237142857146,-0.9756567142857148,-1.2677549523809528,-1.391378892857144
2022-07-29,43.918766,44.20581,-0.28704400000000163,-0.6872761428571427,-1.078693928571429,-1.338831714285715,-1.4522657857142869
2022-07-28,43.890411,44.124779,-0.23436799999999636,-0.7837227142857139,-1.1813623571428573,-1.4097757142857148,-1.5128446071428583
2022-07-27,43.58038,44.122414,-0.542034000000001,-0.9130135714285714,-1.290244928571429,-1.474833476190477,-1.58046492857143
2022-07-26,43.395626,44.074088,-0.6784620000000032,-1.0280975714285714,-1.388031714285715,-1.5258635238095248,-1.6372150714285727
2022-07-25,43.111564,44.166649,-1.0550849999999983,-1.1711687142857141,-1.4880997142857149,-1.572012523809525,-1.6808330714285726
2022-07-24,43.110452,44.176484,-1.0660319999999999,-1.2660354285714288,-1.5570392857142867,-1.6152352380952393,-1.715794285714287
2022-07-23,43.204358,44.152266,-0.9479079999999982,-1.3605897142857148,-1.606270571428572,-1.6582639523809537,-1.7591003214285725
2022-07-22,43.200529,44.162699,-0.9621700000000004,-1.4701117142857154,-1.664609500000001,-1.707262333333335,-1.8066374642857155
2022-07-21,43.181587,44.320991,-1.139403999999999,-1.5790020000000007,-1.7228022142857153,-1.7558852380952399,-1.853685392857144
2022-07-20,43.088544,44.436166,-1.3476220000000012,-1.6674762857142866,-1.75574342857143,-1.8029487142857161,-1.8938582500000012
2022-07-19,42.909605,44.589565,-1.6799600000000012,-1.7479658571428587,-1.7747465000000016,-1.8402542380952398,-1.9284686071428585
2022-07-18,42.863597,44.582749,-1.7191520000000011,-1.8050307142857156,-1.7724344285714306,-1.850721190476192,-1.946068035714287
2022-07-17,42.862525,44.590437,-1.7279120000000034,-1.8480431428571447,-1.7898351428571446,-1.8657139047619065,-1.9656921071428584
2022-07-16,42.942503,44.657065,-1.7145620000000008,-1.8519514285714291,-1.8071010714285731,-1.8919371904761917,-1.9849330357142867
2022-07-15,42.940354,44.664756,-1.7244019999999978,-1.8591072857142865,-1.8258376428571448,-1.9188127142857154,-2.004582392857144
2022-07-14,43.054865,44.813589,-1.7587240000000008,-1.8666024285714298,-1.8443268571428593,-1.945246523809525,-2.0237899642857156
2022-07-13,42.829004,44.740053,-1.9110490000000055,-1.8440105714285733,-1.8706849285714309,-1.9693189047619062,-2.052142607142858
2022-07-12,42.767914,44.847328,-2.079414,-1.8015271428571447,-1.8863984285714304,-1.9886361904761916,-2.0748240357142866
2022-07-11,43.091572,45.111811,-2.0202390000000037,-1.7398381428571454,-1.8735664285714304,-1.9930804761904775,-2.0899019285714293
2022-07-10,43.20376,44.95903,-1.755269999999996,-1.7316271428571446,-1.8745492857142874,-2.0049084285714294,-2.103736464285715
2022-07-09,43.195356,44.960009,-1.7646530000000027,-1.7622507142857171,-1.911930071428573,-2.0292602380952394,-2.126870107142858
2022-07-08,43.184487,44.961355,-1.7768680000000003,-1.7925680000000028,-1.9486654285714298,-2.053074095238096,-2.1495197857142867
2022-07-07,43.215993,44.816574,-1.6005810000000054,-1.822051285714289,-1.9845685714285726,-2.0761858095238104,-2.1716343214285723
2022-07-06,43.206154,44.819819,-1.6136650000000046,-1.8973592857142887,-2.0319730714285726,-2.121519952380953,-2.198465464285715
2022-07-05,43.199203,44.846794,-1.6475910000000056,-1.971269714285716,-2.0821907142857152,-2.1659230000000003,-2.2248343928571432
2022-07-04,42.788784,44.751546,-1.962761999999998,-2.0072947142857154,-2.1197016428571436,-2.2065898571428573,-2.2449905
2022-07-03,42.786356,44.755991,-1.9696350000000038,-2.01747142857143,-2.141549071428572,-2.2277729047619053,-2.2539879285714286
2022-07-02,42.783147,44.760021,-1.9768740000000022,-2.061609428571429,-2.1627650000000003,-2.248409904761905,-2.2621779285714285
2022-07-01,42.781267,44.764518,-1.9832510000000028,-2.1047628571428567,-2.183327142857143,-2.2685037142857145,-2.2702652857142853
2022-06-30,42.683761,44.811498,-2.1277370000000033,-2.147085857142856,-2.203253071428571,-2.288162,-2.2782775714285712
2022-06-29,42.683081,44.814119,-2.1310379999999967,-2.1665868571428564,-2.233600285714285,-2.29883419047619,-2.2806107499999997
2022-06-28,42.705934,44.6057,-1.8997659999999996,-2.193111714285714,-2.2632496428571427,-2.3093559523809524,-2.282961142857143
2022-06-27,42.653376,44.687375,-2.0339990000000014,-2.2321085714285718,-2.3062374285714284,-2.3242224285714284,-2.2932294285714283
2022-06-26,42.508056,44.786657,-2.2786009999999948,-2.265626714285714,-2.3329236428571427,-2.3328267619047613,-2.2988887499999997
2022-06-25,42.511323,44.790271,-2.2789479999999998,-2.2639205714285717,-2.341810142857143,-2.3290340952380952,-2.2960343928571425
2022-06-24,42.514239,44.793751,-2.279511999999997,-2.261891428571429,-2.350374142857143,-2.3254327619047617,-2.293423964285714
2022-06-23,42.511903,44.776147,-2.264244000000005,-2.259420285714287,-2.3587000714285717,-2.322008142857143,-2.29102125
2022-06-22,42.478347,44.795059,-2.3167120000000025,-2.300613714285714,-2.364957857142857,-2.3186187142857144,-2.2910708214285713
2022-06-21,42.526832,44.699576,-2.1727440000000016,-2.333387571428571,-2.3674780714285713,-2.3129109523809523,-2.291683392857142
2022-06-20,42.424027,44.692653,-2.2686259999999976,-2.380366285714285,-2.3702793571428566,-2.3136030476190474,-2.2971351071428563
2022-06-19,42.431727,44.698385,-2.2666579999999996,-2.4002205714285716,-2.3664267857142853,-2.309976095238095,-2.3000084285714277
2022-06-18,42.436671,44.701415,-2.2647440000000003,-2.419699714285715,-2.3615908571428568,-2.3067389999999994,-2.302981178571428
2022-06-17,42.443613,44.705827,-2.262214,-2.438856857142857,-2.357203428571428,-2.303934809523809,-2.3061344999999993
2022-06-16,42.439233,44.991831,-2.552597999999996,-2.4579798571428566,-2.3533020714285713,-2.301554904761904,-2.3094934642857132
2022-06-15,42.446249,44.992378,-2.5461290000000005,-2.429302,-2.3276212142857142,-2.2878898571428565,-2.300630107142857
2022-06-14,42.280093,44.781688,-2.501595000000002,-2.4015685714285717,-2.302672642857143,-2.2777819999999993,-2.3008983214285714
2022-06-13,42.630123,45.037729,-2.4076060000000012,-2.360192428571428,-2.2802214285714286,-2.26939138095238,-2.301534571428571
2022-06-12,42.634333,45.037345,-2.403012000000004,-2.332632999999999,-2.2648538571428567,-2.26660438095238,-2.302139464285714
2022-06-11,42.6402,45.039044,-2.398843999999997,-2.3034819999999985,-2.250258642857142,-2.264074999999999,-2.3064110357142846
2022-06-10,42.645026,45.041101,-2.396074999999996,-2.2755499999999986,-2.236473785714285,-2.2618937142857134,-2.313762178571428
2022-06-09,42.685198,45.037051,-2.3518529999999984,-2.2486242857142855,-2.223342428571428,-2.2599979999999995,-2.3211788214285707
2022-06-08,42.686916,45.038911,-2.3519950000000023,-2.225940428571429,-2.2171837857142846,-2.257739476190476,-2.3312897142857136
2022-06-07,42.804133,45.016095,-2.2119619999999998,-2.203776714285714,-2.2158887142857133,-2.2673415714285707,-2.338511499999999
2022-06-06,42.801442,45.016132,-2.2146899999999974,-2.2002504285714286,-2.223990857142856,-2.281981952380952,-2.351052178571428
2022-06-05,42.810046,45.009001,-2.198954999999998,-2.1970747142857143,-2.23359007142857,-2.291974952380952,-2.3633677857142854
2022-06-04,42.806778,45.010098,-2.203319999999998,-2.1970352857142856,-2.2443714999999993,-2.3073873809523806,-2.3795079642857138
2022-06-03,42.803884,45.011479,-2.207595000000005,-2.197397571428571,-2.255065571428571,-2.3264995714285712,-2.3952931428571427
2022-06-02,42.80818,45.001246,-2.1930660000000017,-2.19806057142857,-2.265684857142856,-2.345363666666666,-2.4107145357142854
2022-06-01,42.805644,45.002493,-2.1968490000000003,-2.2084271428571407,-2.2736389999999993,-2.366406142857142,-2.4249223214285713
2022-05-31,42.800303,44.987581,-2.187277999999999,-2.228000714285712,-2.299123999999999,-2.3834230952380944,-2.4388115
2022-05-30,42.797362,44.989822,-2.192459999999997,-2.2477312857142837,-2.3228477142857136,-2.4013194285714277,-2.4524994642857143
2022-05-29,42.794255,44.992934,-2.1986789999999985,-2.2701054285714264,-2.339425071428571,-2.418798809523809,-2.460132892857142
2022-05-28,42.79048,44.996336,-2.205855999999997,-2.291707714285713,-2.362563428571428,-2.44033219047619,-2.467408249999999
2022-05-27,42.787148,44.999384,-2.212235999999997,-2.3127335714285704,-2.391050571428571,-2.461258333333333,-2.483973464285714
2022-05-26,42.757218,45.02285,-2.2656319999999965,-2.3333091428571424,-2.419015214285714,-2.4815991904761905,-2.5000013571428568
2022-05-25,42.749465,45.083329,-2.3338639999999984,-2.338850857142858,-2.4453956428571426,-2.4970873809523813,-2.5089838214285716
2022-05-24,42.78193,45.107322,-2.325392000000001,-2.370247285714286,-2.461134285714285,-2.509081761904762,-2.5068097857142857
2022-05-23,42.68122,45.030299,-2.349078999999996,-2.3979641428571434,-2.4781134999999996,-2.520755523809524,-2.509300285714285
2022-05-22,42.653884,45.003779,-2.3498950000000036,-2.408744714285715,-2.4931455000000002,-2.523475380952381,-2.5146769285714288
2022-05-21,42.651635,45.004672,-2.3530370000000005,-2.4334191428571432,-2.5146444285714287,-2.525975095238095,-2.517053035714286
2022-05-20,42.649615,45.00588,-2.3562650000000005,-2.469367571428571,-2.535520714285714,-2.5410534285714284,-2.519189785714286
2022-05-19,42.691584,44.996008,-2.3044240000000045,-2.5047212857142855,-2.5557442142857143,-2.555565428571428,-2.5210721785714285
2022-05-18,42.555332,45.108971,-2.553638999999997,-2.5519404285714273,-2.576205642857143,-2.565694809523809,-2.5224135
2022-05-17,42.573447,45.092857,-2.5194100000000006,-2.5520212857142845,-2.5784990000000003,-2.5523306190476185,-2.5088225
2022-05-16,43.002584,45.427127,-2.424543,-2.5582628571428563,-2.5821512142857146,-2.5464123333333326,-2.4992954999999992
2022-05-15,42.959425,45.482041,-2.5226159999999993,-2.577546285714285,-2.580840714285714,-2.549987666666666,-2.4937404642857137
2022-05-14,42.881214,45.48589,-2.6046759999999978,-2.595869714285714,-2.572253071428571,-2.5449309999999996,-2.4845630714285707
2022-05-13,42.877214,45.480955,-2.6037409999999994,-2.601673857142857,-2.5768963571428567,-2.5357971904761905,-2.472353964285714
2022-05-12,42.879936,45.514894,-2.6349579999999975,-2.6067671428571435,-2.5809874999999995,-2.526522476190476,-2.4600708928571424
2022-05-11,42.944642,45.498847,-2.554204999999996,-2.6004708571428585,-2.572572,-2.5125711904761907,-2.446250785714286
2022-05-10,42.826856,45.389957,-2.563101000000003,-2.604976714285716,-2.552485285714286,-2.494422904761905,-2.435240392857143
2022-05-09,42.823856,45.383383,-2.5595270000000028,-2.6060395714285725,-2.540487071428571,-2.4796397142857143,-2.422377214285714
2022-05-08,42.774955,45.425835,-2.650880000000001,-2.584135142857143,-2.536208357142857,-2.4658051904761904,-2.4096055357142854
2022-05-07,42.772773,45.418078,-2.6453050000000005,-2.5486364285714282,-2.5194616428571424,-2.4474608571428567,-2.393579142857143
2022-05-06,42.770813,45.410207,-2.639394000000003,-2.552118857142856,-2.502858857142857,-2.429247333333333,-2.377708642857143
2022-05-05,42.798271,45.389155,-2.5908840000000026,-2.555207857142856,-2.4864001428571423,-2.411172142857142,-2.362000285714285
2022-05-04,42.795693,45.381439,-2.5857460000000003,-2.5446731428571416,-2.468621357142857,-2.3948440952380947,-2.3480056071428566
2022-05-03,42.664037,45.234578,-2.5705409999999986,-2.4999938571428553,-2.4391459999999996,-2.3786616190476186,-2.3341912499999995
2022-05-02,42.7978,45.203996,-2.4061959999999942,-2.4749345714285695,-2.416439785714285,-2.3611564285714284,-2.317320035714285
2022-05-01,42.794865,45.197254,-2.4023889999999994,-2.4882815714285704,-2.4066402142857144,-2.351429,-2.3063085357142854
2022-04-30,42.630833,45.300515,-2.6696819999999946,-2.4902868571428565,-2.3968730714285713,-2.341893380952381,-2.295414464285714
2022-04-29,42.629621,45.290638,-2.661017000000001,-2.4535988571428575,-2.3678115714285717,-2.319571904761905,-2.274969285714285
2022-04-28,42.637902,45.155043,-2.5171410000000023,-2.4175924285714285,-2.3391542857142857,-2.297597761904762,-2.254828071428571
2022-04-27,42.731538,45.004529,-2.2729909999999975,-2.3925695714285715,-2.3199295714285713,-2.2824497619047617,-2.2398587142857136
2022-04-26,42.770761,45.165887,-2.3951259999999976,-2.3782981428571435,-2.3179955,-2.278923714285714,-2.2336601071428563
2022-04-25,42.720554,45.220179,-2.4996250000000018,-2.357945000000001,-2.304267357142858,-2.264781857142857,-2.2259372142857132
2022-04-24,42.718236,45.134662,-2.4164260000000013,-2.324998857142858,-2.2830027142857148,-2.2456508571428566,-2.2122293928571417
2022-04-23,42.715087,45.127953,-2.412866000000001,-2.3034592857142857,-2.267696642857143,-2.2304569999999995,-2.1992477857142845
2022-04-22,42.712134,45.121106,-2.4089719999999986,-2.282024285714286,-2.2525584285714286,-2.2154260952380946,-2.1865060714285702
2022-04-21,42.660031,45.002012,-2.341981000000004,-2.2607161428571425,-2.2376004285714286,-2.200573285714285,-2.1727909285714273
2022-04-20,42.42769,44.600781,-2.1730909999999994,-2.247289571428571,-2.2273898571428568,-2.188955095238094,-2.16158857142857
2022-04-19,42.441846,44.6945,-2.2526539999999997,-2.2576928571428567,-2.2292364999999994,-2.185447428571427,-2.1648112857142845
2022-04-18,42.435864,44.704866,-2.2690020000000004,-2.2505897142857143,-2.218200285714285,-2.1819346190476177,-2.167277749999999
2022-04-17,42.438544,44.704193,-2.2656489999999962,-2.2410065714285716,-2.2059768571428564,-2.17463957142857,-2.1677972857142844
2022-04-16,42.440418,44.703239,-2.2628210000000024,-2.2319340000000003,-2.1939558571428566,-2.1645106190476175,-2.168523107142856
2022-04-15,42.442481,44.702296,-2.259814999999996,-2.223092571428571,-2.1821269999999986,-2.1546666666666647,-2.169382142857142
2022-04-14,42.490195,44.73819,-2.247995000000003,-2.2144847142857143,-2.170501857142856,-2.143482523809522,-2.170359999999999
2022-04-13,42.490998,44.736912,-2.245913999999999,-2.2074901428571425,-2.1597878571428555,-2.1330215714285696,-2.1669094642857134
2022-04-12,42.544425,44.747357,-2.202932000000004,-2.200780142857142,-2.1493247142857124,-2.1338507619047604,-2.169872785714285
2022-04-11,42.543865,44.745785,-2.201920000000001,-2.1858108571428554,-2.147607071428569,-2.1395070952380935,-2.173564857142856
2022-04-10,42.521075,44.723216,-2.2021409999999975,-2.1709471428571407,-2.1414560714285686,-2.143394190476189,-2.1721124999999986
2022-04-09,42.520932,44.721863,-2.200930999999997,-2.1559777142857124,-2.130798928571426,-2.1473861428571412,-2.1707295714285704
2022-04-08,42.520905,44.720465,-2.199559999999998,-2.141161428571426,-2.120453714285712,-2.1514786666666654,-2.1694294285714277
2022-04-07,42.520973,44.720006,-2.199033,-2.126518999999998,-2.1079814285714265,-2.1556517619047604,-2.1681750714285704
2022-04-06,42.520344,44.719288,-2.1989439999999973,-2.1120855714285685,-2.0957872857142834,-2.1533825714285704,-2.164003999999999
2022-04-05,42.572038,44.670185,-2.0981469999999973,-2.0978692857142827,-2.1003860714285696,-2.1595703333333325,-2.1598444999999993
2022-04-04,42.571499,44.669373,-2.0978739999999974,-2.1094032857142824,-2.1163552142857123,-2.169482857142856,-2.161059642857142
2022-04-03,42.570803,44.668158,-2.0973550000000003,-2.111964999999997,-2.1296177142857124,-2.1725009523809513,-2.1622486071428564
2022-04-02,42.570058,44.667275,-2.0972169999999934,-2.105620142857139,-2.1430903571428557,-2.175646857142856,-2.163400285714285
2022-04-01,42.569041,44.666104,-2.0970629999999986,-2.099745999999997,-2.156637285714285,-2.1788520952380948,-2.164496535714285
2022-03-31,42.567708,44.665707,-2.0979989999999944,-2.0894438571428546,-2.170218142857142,-2.182060428571428,-2.1655051071428564
2022-03-30,42.566057,44.665487,-2.099429999999998,-2.0794889999999984,-2.1740310714285713,-2.1813101428571424,-2.166387214285714
2022-03-29,42.400319,44.579204,-2.178884999999994,-2.102902857142856,-2.190420857142857,-2.1805029047619047,-2.1670818928571425
2022-03-28,42.329963,44.445769,-2.115805999999999,-2.1233071428571426,-2.199522642857143,-2.1782784285714287,-2.1656671428571426
2022-03-27,42.484695,44.537636,-2.052940999999997,-2.1472704285714284,-2.202768928571429,-2.17900980952381,-2.1739791785714284
2022-03-26,42.456626,44.512724,-2.0560979999999986,-2.180560571428572,-2.210660214285715,-2.1826603333333336,-2.1914885714285712
2022-03-25,42.483321,44.508269,-2.024948000000002,-2.2135285714285726,-2.2184051428571436,-2.186080047619048,-2.20447475
2022-03-24,42.482106,44.510421,-2.028314999999999,-2.250992428571429,-2.2283687142857147,-2.190858857142857,-2.2182970714285717
2022-03-23,42.533348,44.796675,-2.263327000000004,-2.268573142857144,-2.2322207142857144,-2.1953532857142855,-2.234392392857143
2022-03-22,42.608683,44.930398,-2.3217149999999975,-2.277938857142858,-2.219302928571429,-2.1884749047619048,-2.2451125357142856
2022-03-21,42.637426,44.920975,-2.2835490000000007,-2.2757381428571435,-2.205764071428572,-2.1797871428571427,-2.258982
2022-03-20,42.635432,44.921404,-2.285972000000001,-2.258267428571429,-2.1948795000000003,-2.182882095238095,-2.2648570357142854
2022-03-19,42.632526,44.9194,-2.2868740000000045,-2.240759857142858,-2.1837102142857145,-2.195131238095238,-2.270214107142857
2022-03-18,42.630423,44.917618,-2.287194999999997,-2.2232817142857146,-2.1723557857142852,-2.2014568095238096,-2.275133964285714
2022-03-17,42.676558,44.827938,-2.151380000000003,-2.2057450000000003,-2.160792071428571,-2.207398619047619,-2.2794987857142854
2022-03-16,42.519532,44.848419,-2.3288870000000017,-2.1958682857142855,-2.1587433571428565,-2.2229988095238093,-2.2790209285714282
2022-03-15,42.534109,44.840419,-2.3063099999999963,-2.1606669999999997,-2.143742928571428,-2.234170428571428,-2.2846460357142853
2022-03-14,42.655309,44.816563,-2.1612539999999996,-2.13579,-2.131811642857142,-2.2533966190476185,-2.2919042499999995
2022-03-13,42.651813,44.815232,-2.1634190000000046,-2.131491571428572,-2.145189428571428,-2.2670535714285713,-2.3040437499999995
2022-03-12,42.648183,44.81271,-2.1645269999999996,-2.126660571428571,-2.1723169285714277,-2.2800321904761898,-2.305479142857142
2022-03-11,42.644612,44.80905,-2.164437999999997,-2.1214298571428563,-2.190544357142857,-2.292418047619047,-2.3063549642857137
2022-03-10,42.688145,44.770388,-2.0822429999999983,-2.1158391428571415,-2.2082254285714282,-2.3040833809523806,-2.299513964285713
2022-03-09,42.684092,44.76657,-2.082478000000002,-2.1216184285714275,-2.236564071428571,-2.3067384761904757,-2.295310999999999
2022-03-08,42.662439,44.79461,-2.1321709999999996,-2.126818857142856,-2.2709221428571422,-2.3259723809523805,-2.2907099999999994
2022-03-07,42.658651,44.789816,-2.131165000000003,-2.1278332857142845,-2.312199928571428,-2.343942333333333,-2.285918892857142
2022-03-06,42.654724,44.784326,-2.1296019999999984,-2.158887285714284,-2.3348345714285705,-2.361561142857142,-2.2806622857142846
2022-03-05,42.651076,44.778988,-2.127911999999995,-2.2179732857142844,-2.3567179999999994,-2.3650853333333326,-2.274995428571428
2022-03-04,42.646889,44.772192,-2.1253029999999953,-2.2596588571428575,-2.3779121428571424,-2.367996666666666,-2.2688321428571423
2022-03-03,42.643446,44.766144,-2.1226979999999998,-2.300611714285715,-2.3982055,-2.3607389047619045,-2.2622856071428568
2022-03-02,42.639919,44.7588,-2.118881000000002,-2.3515097142857146,-2.3992985,-2.3532085238095233,-2.2539428571428566
2022-03-01,42.664648,44.80392,-2.1392719999999983,-2.4150254285714285,-2.4255491428571427,-2.34534038095238,-2.248602178571428
2022-02-28,42.614249,44.962792,-2.3485429999999994,-2.496566571428571,-2.451996857142857,-2.3386140952380945,-2.244531571428571
2022-02-27,42.743786,45.28699,-2.543204000000003,-2.5107818571428573,-2.4628980714285715,-2.321253952380952,-2.232528107142856
2022-02-26,42.766631,45.186342,-2.4197110000000066,-2.495462714285714,-2.4386413571428567,-2.2940028095238088,-2.2121755357142847
2022-02-25,42.759627,45.1716,-2.411972999999996,-2.496165428571427,-2.4221655714285704,-2.271889904761904,-2.1957745357142846
2022-02-24,42.504164,44.983148,-2.478983999999997,-2.495799285714285,-2.390802499999999,-2.249510238095237,-2.179117107142856
2022-02-23,42.47288,45.036371,-2.563490999999999,-2.4470872857142854,-2.354057928571428,-2.2214205714285704,-2.159522678571428
2022-02-22,42.40531,45.11537,-2.7100599999999986,-2.436072857142857,-2.310497857142856,-2.193127761904761,-2.136380285714285
2022-02-21,42.474,44.92205,-2.448050000000002,-2.4074271428571428,-2.259637857142856,-2.160519904761904,-2.1037349642857137
2022-02-20,42.47074,44.90671,-2.4359699999999975,-2.4150142857142853,-2.2264899999999987,-2.139776857142856,-2.0749107142857137
2022-02-19,42.46758,44.89221,-2.4246300000000005,-2.38182,-2.193272857142856,-2.117746476190475,-2.0390194285714283
2022-02-18,42.46513,44.87454,-2.409410000000001,-2.348165714285713,-2.159752142857142,-2.0956442380952374,-2.012319571428571
2022-02-17,42.62559,44.76359,-2.137999999999998,-2.2858057142857127,-2.1263657142857135,-2.07355638095238,-1.9856434999999995
2022-02-16,42.52707,45.01346,-2.48639,-2.2610285714285703,-2.108587214285713,-2.0636678095238086,-1.9681436428571424
2022-02-15,42.58258,45.09212,-2.509540000000001,-2.184922857142855,-2.071655214285713,-2.036482761904761,-1.9116182857142852
2022-02-14,42.60147,45.10263,-2.5011599999999987,-2.111848571428569,-2.0370662857142845,-2.0025042380952374,-1.8508189999999993
2022-02-13,42.62913,44.83274,-2.2036099999999976,-2.037965714285712,-2.0021581428571413,-1.9615428571428564,-1.7838993214285708
2022-02-12,42.62324,44.81229,-2.1890499999999946,-2.004725714285713,-1.985709714285713,-1.9247525714285711,-1.7275569642857138
2022-02-11,42.42804,44.40093,-1.9728899999999996,-1.971338571428571,-1.9693834999999993,-1.900370857142857,-1.6716857142857138
2022-02-10,42.42423,44.38879,-1.9645599999999988,-1.9669257142857137,-1.9674317142857132,-1.885589428571428,-1.6233941071428568
2022-02-09,42.4202,44.37385,-1.9536499999999961,-1.9561458571428563,-1.9649874285714277,-1.870515333333333,-1.575272571428571
2022-02-08,42.19167,44.18969,-1.9980199999999968,-1.9583875714285708,-1.962262714285714,-1.8205167619047617,-1.5213222499999997
2022-02-07,42.19005,44.17403,-1.9839800000000025,-1.962284,-1.9478320714285715,-1.7638091428571427,-1.4689515714285712
2022-02-06,42.18768,44.15861,-1.9709300000000027,-1.9663505714285705,-1.9233314285714285,-1.6992105238095236,-1.4170295357142855
2022-02-05,42.18508,44.14042,-1.9553399999999996,-1.9666937142857128,-1.8847660000000002,-1.6351673809523806,-1.366412571428571
2022-02-04,42.18286,44.12486,-1.9420000000000002,-1.9674284285714276,-1.864887,-1.5718014285714281,-1.3162753214285712
2022-02-03,42.395287,44.284388,-1.8891009999999966,-1.9679377142857126,-1.8449212857142854,-1.508883571428571,-1.2664825714285712
2022-02-02,42.361002,44.330344,-1.9693419999999975,-1.973828999999999,-1.8277000714285714,-1.4483148095238092,-1.2169050357142854
2022-02-01,42.280872,44.306167,-2.025295,-1.9661378571428574,-1.7515813571428573,-1.3756338095238094,-1.1643723928571426
2022-01-31,42.278979,44.291425,-2.012445999999997,-1.933380142857143,-1.6645717142857142,-1.3045074285714284,-1.1094310714285711
2022-01-30,42.237777,44.211109,-1.9733319999999992,-1.8803122857142864,-1.5656405000000002,-1.233922523809524,-1.06695625
2022-01-29,42.235983,44.196466,-1.9604830000000035,-1.8028382857142873,-1.4694042142857147,-1.1663188571428573,-1.026799142857143
2022-01-28,42.234202,44.179767,-1.9455649999999949,-1.7623455714285723,-1.3739879285714285,-1.0992242857142855,-0.9868563214285714
2022-01-27,42.232701,44.163041,-1.930340000000001,-1.7219048571428581,-1.2793565000000002,-1.0326641904761906,-0.9471659285714288
2022-01-26,42.232102,44.147606,-1.9155040000000056,-1.6815711428571436,-1.1855577142857143,-0.9645970476190475,-0.9077068214285716
2022-01-25,42.166533,43.962524,-1.7959910000000008,-1.5370248571428573,-1.0803817857142854,-0.8971172380952377,-0.8850408928571429
2022-01-24,42.182001,43.822972,-1.6409710000000004,-1.3957632857142852,-0.9900710714285711,-0.8347813809523805,-0.8662866785714284
2022-01-23,42.026965,43.457979,-1.4310140000000047,-1.2509687142857138,-0.9107276428571426,-0.7958375714285711,-0.8526959285714284
2022-01-22,41.683825,43.360859,-1.677033999999999,-1.1359701428571418,-0.8480591428571422,-0.7681194285714282,-0.8495623571428566
2022-01-21,41.689331,43.351811,-1.662479999999995,-0.9856302857142845,-0.7676636428571422,-0.7283599047619044,-0.8372440357142852
2022-01-20,41.69535,43.343354,-1.6480040000000002,-0.8368081428571423,-0.6880438571428569,-0.688919619047619,-0.8249971785714282
2022-01-19,41.697908,42.601588,-0.9036800000000014,-0.6895442857142849,-0.6061099999999995,-0.6497520476190476,-0.8128039285714281
2022-01-18,41.720035,42.527195,-0.8071599999999961,-0.6237387142857135,-0.5771634285714278,-0.6677129047619048,-0.8266990714285709
2022-01-17,41.776876,42.404285,-0.6274090000000001,-0.584378857142857,-0.5542904285714282,-0.6897944761904762,-0.8561960357142855
2022-01-16,41.781466,42.40749,-0.626024000000001,-0.5704865714285715,-0.5682719999999998,-0.7199383333333332,-0.8914538928571426
2022-01-15,41.786664,42.411319,-0.6246549999999971,-0.5601481428571427,-0.5841940714285714,-0.7540930952380949,-0.9208665357142856
2022-01-14,41.792397,42.413122,-0.6207250000000002,-0.5496969999999999,-0.5997247142857144,-0.7877819523809522,-0.94956725
2022-01-13,41.797742,42.414899,-0.6171569999999988,-0.5392795714285715,-0.6149753571428574,-0.82106019047619,-0.9776986071428571
2022-01-12,41.876615,42.319656,-0.4430410000000009,-0.522675714285714,-0.6298559285714289,-0.8538904761904759,-1.0001610714285716
2022-01-11,41.827659,42.3593,-0.5316410000000005,-0.5305881428571421,-0.6897000000000004,-0.8943525238095233,-1.0239718214285716
2022-01-10,41.832111,42.362274,-0.5301630000000017,-0.5242019999999995,-0.7425022857142858,-0.9468017619047616,-1.0405123928571431
2022-01-09,41.874326,42.427981,-0.5536549999999991,-0.5660574285714282,-0.7946642142857142,-0.9984429999999997,-1.0587783571428573
2022-01-08,41.878951,42.430448,-0.5514969999999977,-0.6082400000000001,-0.851065571428571,-1.0411059999999999,-1.0754858571428572
2022-01-07,41.884067,42.43187,-0.5478030000000018,-0.649752428571429,-0.9068244285714283,-1.0828573333333333,-1.0914278214285713
2022-01-06,41.917299,42.418229,-0.5009299999999968,-0.6906711428571433,-0.9619504999999994,-1.1238382857142857,-1.106796357142857
2022-01-05,41.921855,42.420283,-0.498427999999997,-0.7370361428571438,-1.0194978571428568,-1.1593228571428573,-1.1063027142857143
2022-01-04,41.938268,42.425206,-0.4869380000000021,-0.8488118571428588,-1.076234714285714,-1.188433047619048,-1.1053688214285715
2022-01-03,41.977697,42.800848,-0.8231510000000029,-0.9608025714285721,-1.1581016428571427,-1.2126158571428576,-1.1139332142857143
2022-01-02,41.953668,42.802601,-0.8489330000000024,-1.023271,-1.2146357857142855,-1.223018666666667,-1.106735285714286
2022-01-01,41.95737,42.799454,-0.8420839999999998,-1.0938911428571418,-1.2575389999999997,-1.2312344761904763,-1.101673285714286
